<?xml version="1.0" encoding="utf-8"?>
<install type="module" version="1.5.0">
    <!-- Name of the Module -->
        <name>Hello World - Hello</name> 
 
    <!-- Name of the Author -->
        <author>Ambitionality Software LLC</author> 
 
    <!-- Version Date of the Module -->
        <creationDate>2008-06-23</creationDate> 
 
    <!-- Copyright information -->
        <copyright>All rights reserved by Ambitionality Software LLC 2008.</copyright> 
 
    <!-- License Information -->
        <license>GPL 2.0</license> 
 
    <!-- Author's email address -->
        <authorEmail>info@ambitionality.com</authorEmail> 
 
    <!-- Author's website -->
        <authorUrl>www.ambitionality.com</authorUrl> 
 
    <!-- Module version number -->
        <version>1.0.0</version> 
 
    <!-- Description of what the module does -->
        <description>Provides a basic "Hello World" notice</description>
 
    <!-- Listing of all files that should be installed for the module to function -->
        <files>
        <!-- The "module" attribute signifies that this is the main controller file -->
                <filename module="mod_hello_world">mod_hello_world.php</filename>
                
        </files>
 
    <!-- Optional parameters -->
        <params />
</install>